<?xml version="1.0" encoding="UTF-8"?>
<!DOCTYPE fontscolors
PUBLIC "-//NetBeans//DTD Editor Fonts and Colors settings 1.1//EN"
       "http://www.netbeans.org/dtds/EditorFontsColors-1_1.dtd">
<fontscolors>
 <fontcolor name="char" default="default"/>
 <fontcolor name="comment" default="default" foreColor="ff444444"/>
 <fontcolor name="default" default="default" foreColor="ffD0D0D0" bgColor="ff1f0f25">
  <font name="Courier New" size="13"/>
 </fontcolor>
 <fontcolor name="entity-reference" default="default"/>
 <fontcolor name="field" default="default" foreColor="ffBED6FF"/>
 <fontcolor name="identifier" default="default"/>
 <fontcolor name="keyword" default="default" foreColor="ffFF6E68"/>
 <fontcolor name="method" default="identifier" foreColor="ffBED6FF"/>
 <fontcolor name="number" default="default" foreColor="ffEF1C00"/>
 <fontcolor name="operator" default="default" foreColor="ff568DCC"/>
 <fontcolor name="separator" default="default" foreColor="ffD0D0D0"/>
 <fontcolor name="string" default="default" foreColor="ffFFFFFF"/>
 <fontcolor name="url" default="default"/>
 <fontcolor name="error" default="default"/>
 <fontcolor name="warning" default="default"/>
</fontscolors>
