<?xml version="1.0" encoding="UTF-8"?>
<!DOCTYPE fontscolors
PUBLIC "-//NetBeans//DTD Editor Fonts and Colors settings 1.1//EN"
       "http://www.netbeans.org/dtds/EditorFontsColors-1_1.dtd">
<fontscolors>
 <fontcolor name="mod-class" default="default" foreColor="ff8DBEB6"/>
 <fontcolor name="comment" default="comment" foreColor="ff757373"/>
 <fontcolor name="phpdockeyword" default="phpdockeyword"/>
 <fontcolor name="mod-field" default="field"/>
 <fontcolor name="heredocdelimiter" default="default"/>
 <fontcolor name="htmltag" default="comment" foreColor="ff4a8a28"/>
 <fontcolor name="identifier" default="identifier"/>
 <fontcolor name="keyword" default="keyword"/>
 <fontcolor name="constant" default="default"/>
 <fontcolor name="mod-method" default="default" foreColor="ff8DBEB6"/>
 <fontcolor name="number" default="number" foreColor="ffff6dd1"/>
 <fontcolor name="phpopenclose" default="default"/>
 <fontcolor name="operator" default="operator"/>
 <fontcolor name="PHP_STRING" default="identifier"/>
 <fontcolor name="separator" default="separator"/>
 <fontcolor name="mod-static" default="default"/>
 <fontcolor name="string" default="string"/>
 <fontcolor name="PHP_VARIABLE" default="default" foreColor="ff79ABFF"/>
 <fontcolor name="mark-occurrences" default="default" bgColor="ff000000"/>
</fontscolors>
