<?xml version="1.0" encoding="UTF-8"?>
<!DOCTYPE codetemplates PUBLIC "-//NetBeans//DTD Editor Code Templates settings 1.0//EN" "http://www.netbeans.org/dtds/EditorCodeTemplates-1_0.dtd">
<codetemplates>
    <codetemplate abbreviation="sca" xml:space="preserve"><code><![CDATA[Scanner sc = new Scanner (System.in);]]></code></codetemplate>
    <codetemplate abbreviation="forM" xml:space="preserve"><code><![CDATA[for (int i = 0; i < ${IDX newVarName default="Matriz"}.length; i++) {
            for (int j = 0; j < ${IDX}[i].length; j++) {
                ${IDX}[i][j] = ;
            }
        }]]></code></codetemplate>
    <codetemplate abbreviation="scd" xml:space="preserve"><code><![CDATA[=sc.nextDouble();]]></code></codetemplate>
    <codetemplate abbreviation="vec" xml:space="preserve"><code><![CDATA[int V []=new int[${cursor}];]]></code></codetemplate>
    <codetemplate abbreviation="jaxbu" xml:space="preserve"><code><![CDATA[
            try {
                javax.xml.bind.JAXBContext jaxbCtx = javax.xml.bind.JAXBContext.newInstance(${UM_OBJ instanceof="java.lang.Object" default="umObj"}.getClass().getPackage().getName());
                javax.xml.bind.Unmarshaller unmarshaller = jaxbCtx.createUnmarshaller();
                ${UM_OBJ} = ${TYPE_CAST cast default=""} unmarshaller.unmarshal(new java.io.File("File path")); //NOI18N
            } catch (javax.xml.bind.JAXBException ex) {
                // XXXTODO Handle exception
                java.util.logging.Logger.getLogger("global").log(java.util.logging.Level.SEVERE, null, ex); //NOI18N
            }
        ]]></code><description><![CDATA[Sample template to unmarshal JAXB objects.]]></description></codetemplate>
    <codetemplate abbreviation="sci" xml:space="preserve"><code><![CDATA[=sc.nextInt();]]></code></codetemplate>
    <codetemplate abbreviation="mround" xml:space="preserve"><code><![CDATA[Math.round(${cursor} * 100d) / 100d;]]></code></codetemplate>
    <codetemplate abbreviation="outf" xml:space="preserve"><code><![CDATA[System.out.printf("%.2f%n", ${cursor} );]]></code><description><![CDATA["%03d%n"
Per a traure nombres enters amb 0 per davant]]></description></codetemplate>
    <codetemplate abbreviation="fun" xml:space="preserve"><code><![CDATA[public static ${IDX newVarName default="void"} ${IDZ newFunName default="fun"}(${IDA newFunName default="int num"}) {
        
    }]]></code></codetemplate>
    <codetemplate abbreviation="jaxbm" xml:space="preserve"><code><![CDATA[try {            
                javax.xml.bind.JAXBContext jaxbCtx= javax.xml.bind.JAXBContext.newInstance( ${OBJ2M instanceof="java.lang.Object" default="obj2BMarshalled"}.getClass().getPackage().getName());
                javax.xml.bind.Marshaller marshaller = jaxbCtx.createMarshaller();
                marshaller.setProperty(javax.xml.bind.Marshaller.JAXB_ENCODING, "UTF-8"); //NOI18N
                marshaller.setProperty(javax.xml.bind.Marshaller.JAXB_FORMATTED_OUTPUT, Boolean.TRUE);
                marshaller.marshal(${OBJ2M} , System.out);
            } catch (javax.xml.bind.JAXBException ex) {
                // XXXTODO Handle exception
                java.util.logging.Logger.getLogger("global").log(java.util.logging.Level.SEVERE, null, ex); //NOI18N
        }]]></code><description><![CDATA[Sample template to marshal JAXB objects.]]></description></codetemplate>
</codetemplates>
